Workbook

Sheet Data
A1: EmpID | B1: Name | C1: Department | D1: City | E1: JoinDate | F1: MonthlySales | G1: Target | H1: Rating | I1: City2 | J1: Department2 | K1: Status | L1: Grade | M1: Top Performer | N1: Achievement% | O1: City Code | P1: Serial no | Q1: Formal name | R1: Join Year | S1: Floor | T1: Region | U1: Column
A2: MUM-HRD-1017 | B2: Kavya Suresh | C2: HR | D2: Mumbai | E2: 44689 | F2: 36400 | G2: 44900 | H2: 1 | I2: Mumbai | J2: HR | K2: =IF(Table1[[#This Row],[MonthlySales]]>=Table1[[#This Row],[Target]],"Achieved","Not Achieved") -> Not Achieved | L2: =IF(Table1[[#This Row],[Rating]]=5,"Excellent",IF(OR(Table1[[#This Row],[Rating]]=3,Table1[[#This Row],[Rating]]=4),"Good","Needs Improvement")) -> Needs Improvement | M2: =IF(OR(Table1[[#This Row],[Status]],Table1[[#This Row],[Rating]]>=4),"Yes","No") -> No | N2: =IFERROR(Table1[[#This Row],[MonthlySales]]/Table1[[#This Row],[Target]],0) -> 0.81069042 | O2: =LEFT(Table1[[#This Row],[EmpID]],3) -> MUM | P2: =RIGHT(Table1[[#This Row],[EmpID]],3) -> 017 | Q2: =PROPER(Table1[[#This Row],[Name]]) -> Kavya Suresh | R2: =YEAR(Table1[[#This Row],[JoinDate]]) -> 2022 | S2: =VLOOKUP(Table1[[#This Row],[Department]],'Department Info'!$A$1:$D$6,3,FALSE) -> 1st Floor | T2: =HLOOKUP(Table1[[#This Row],[City]],'City Info'!$A$1:$F$3,2,FALSE) -> West
A3: KOC-MKT-1036 | B3: Divya Thomas | C3: Marketing | D3: Kochi | E3: 45101 | F3: 63900 | G3: 49400 | H3: 5 | I3: Kochi | J3: Marketing | K3: =IF(Table1[[#This Row],[MonthlySales]]>=Table1[[#This Row],[Target]],"Achieved","Not Achieved") -> Achieved | L3: =IF(Table1[[#This Row],[Rating]]=5,"Excellent",IF(OR(Table1[[#This Row],[Rating]]=3,Table1[[#This Row],[Rating]]=4),"Good","Needs Improvement")) -> Excellent | M3: =IF(OR(Table1[[#This Row],[Status]],Table1[[#This Row],[Rating]]>=4),"Yes","No") -> Yes | N3: =IFERROR(Table1[[#This Row],[MonthlySales]]/Table1[[#This Row],[Target]],0) -> 1.2935223 | O3: =LEFT(Table1[[#This Row],[EmpID]],3) -> KOC | P3: =RIGHT(Table1[[#This Row],[EmpID]],3) -> 036 | Q3: =PROPER(Table1[[#This Row],[Name]]) -> Divya Thomas | R3: =YEAR(Table1[[#This Row],[JoinDate]]) -> 2023 | S3: =VLOOKUP(Table1[[#This Row],[Department]],'Department Info'!$A$1:$D$6,3,FALSE) -> 3rd Floor | T3: =HLOOKUP(Table1[[#This Row],[City]],'City Info'!$A$1:$F$3,2,FALSE) -> South | X3: average rating of employees working on Sales dept | Y3: =AVERAGEIF(Table1[Department],"Sales",H:H) -> 3.6
A4: BLR-SAL-1055 | B4: Lakshmi Reddy | C4: Sales | D4: Bangalore | E4: 45010 | F4: 53000 | G4: 35500 | H4: 4 | I4: Bangalore | J4: Sales | K4: =IF(Table1[[#This Row],[MonthlySales]]>=Table1[[#This Row],[Target]],"Achieved","Not Achieved") -> Achieved | L4: =IF(Table1[[#This Row],[Rating]]=5,"Excellent",IF(OR(Table1[[#This Row],[Rating]]=3,Table1[[#This Row],[Rating]]=4),"Good","Needs Improvement")) -> Good | M4: =IF(OR(Table1[[#This Row],[Status]],Table1[[#This Row],[Rating]]>=4),"Yes","No") -> Yes | N4: =IFERROR(Table1[[#This Row],[MonthlySales]]/Table1[[#This Row],[Target]],0) -> 1.4929577 | O4: =LEFT(Table1[[#This Row],[EmpID]],3) -> BLR | P4: =RIGHT(Table1[[#This Row],[EmpID]],3) -> 055 | Q4: =PROPER(Table1[[#This Row],[Name]]) -> Lakshmi Reddy | R4: =YEAR(Table1[[#This Row],[JoinDate]]) -> 2023 | S4: =VLOOKUP(Table1[[#This Row],[Department]],'Department Info'!$A$1:$D$6,3,FALSE) -> 2nd Floor | T4: =HLOOKUP(Table1[[#This Row],[City]],'City Info'!$A$1:$F$3,2,FALSE) -> South | X4: Highest monthly sales (joined in 2023 or later) | Y4: =_xlfn.MAXIFS(F:F,R:R,">=2023") -> 94100 | AC4: total monthly sale | AD4: =SUM(Table1[MonthlySales]) -> 1657900
A5: DEL-SAL-1060 | B5: tara Panicker | C5: Sales | D5: Delhi | E5: 45591 | F5: 50100 | G5: 54800 | H5: 3 | I5: Delhi | J5: Sales | K5: =IF(Table1[[#This Row],[MonthlySales]]>=Table1[[#This Row],[Target]],"Achieved","Not Achieved") -> Not Achieved | L5: =IF(Table1[[#This Row],[Rating]]=5,"Excellent",IF(OR(Table1[[#This Row],[Rating]]=3,Table1[[#This Row],[Rating]]=4),"Good","Needs Improvement")) -> Good | M5: =IF(OR(Table1[[#This Row],[Status]],Table1[[#This Row],[Rating]]>=4),"Yes","No") -> No | N5: =IFERROR(Table1[[#This Row],[MonthlySales]]/Table1[[#This Row],[Target]],0) -> 0.91423358 | O5: =LEFT(Table1[[#This Row],[EmpID]],3) -> DEL | P5: =RIGHT(Table1[[#This Row],[EmpID]],3) -> 060 | Q5: =PROPER(Table1[[#This Row],[Name]]) -> Tara Panicker | R5: =YEAR(Table1[[#This Row],[JoinDate]]) -> 2024 | S5: =VLOOKUP(Table1[[#This Row],[Department]],'Department Info'!$A$1:$D$6,3,FALSE) -> 2nd Floor | T5: =HLOOKUP(Table1[[#This Row],[City]],'City Info'!$A$1:$F$3,2,FALSE) -> North | X5: number of employees(Chennai or Bangalore) | Y5: =COUNTIFS(Table1[City],"Bangalore",Table1[Rating],">=4")+COUNTIFS(Table1[City],"Chennai",Table1[Rating],">=4") -> 7
A6: KOC-HRD-1077 | B6: sneha Varma | C6: HR | D6: Kochi | E6: 43870 | F6: 66500 | G6: 26600 | H6: 1 | I6: Kochi | J6: HR | K6: =IF(Table1[[#This Row],[MonthlySales]]>=Table1[[#This Row],[Target]],"Achieved","Not Achieved") -> Achieved | L6: =IF(Table1[[#This Row],[Rating]]=5,"Excellent",IF(OR(Table1[[#This Row],[Rating]]=3,Table1[[#This Row],[Rating]]=4),"Good","Needs Improvement")) -> Needs Improvement | M6: =IF(OR(Table1[[#This Row],[Status]],Table1[[#This Row],[Rating]]>=4),"Yes","No") -> No | N6: =IFERROR(Table1[[#This Row],[MonthlySales]]/Table1[[#This Row],[Target]],0) -> 2.5 | O6: =LEFT(Table1[[#This Row],[EmpID]],3) -> KOC | P6: =RIGHT(Table1[[#This Row],[EmpID]],3) -> 077 | Q6: =PROPER(Table1[[#This Row],[Name]]) -> Sneha Varma | R6: =YEAR(Table1[[#This Row],[JoinDate]]) -> 2020 | S6: =VLOOKUP(Table1[[#This Row],[Department]],'Department Info'!$A$1:$D$6,3,FALSE) -> 1st Floor | T6: =HLOOKUP(Table1[[#This Row],[City]],'City Info'!$A$1:$F$3,2,FALSE) -> South
A7: MUM-ITD-1094 | B7: Naveen Kumar | C7: IT | D7: Mumbai | E7: 44908 | F7: 86400 | G7: 55500 | H7: 1 | I7: Mumbai | J7: IT | K7: =IF(Table1[[#This Row],[MonthlySales]]>=Table1[[#This Row],[Target]],"Achieved","Not Achieved") -> Achieved | L7: =IF(Table1[[#This Row],[Rating]]=5,"Excellent",IF(OR(Table1[[#This Row],[Rating]]=3,Table1[[#This Row],[Rating]]=4),"Good","Needs Improvement")) -> Needs Improvement | M7: =IF(OR(Table1[[#This Row],[Status]],Table1[[#This Row],[Rating]]>=4),"Yes","No") -> No | N7: =IFERROR(Table1[[#This Row],[MonthlySales]]/Table1[[#This Row],[Target]],0) -> 1.5567568 | O7: =LEFT(Table1[[#This Row],[EmpID]],3) -> MUM | P7: =RIGHT(Table1[[#This Row],[EmpID]],3) -> 094 | Q7: =PROPER(Table1[[#This Row],[Name]]) -> Naveen Kumar | R7: =YEAR(Table1[[#This Row],[JoinDate]]) -> 2022 | S7: =VLOOKUP(Table1[[#This Row],[Department]],'Department Info'!$A$1:$D$6,3,FALSE) -> 4th Floor | T7: =HLOOKUP(Table1[[#This Row],[City]],'City Info'!$A$1:$F$3,2,FALSE) -> West
A8: DEL-MKT-1102 | B8: Anjali George | C8: Marketing | D8: Delhi | E8: 45338 | F8: 24000 | G8: 42300 | H8: 3 | I8: Delhi | J8: Marketing | K8: =IF(Table1[[#This Row],[MonthlySales]]>=Table1[[#This Row],[Target]],"Achieved","Not Achieved") -> Not Achieved | L8: =IF(Table1[[#This Row],[Rating]]=5,"Excellent",IF(OR(Table1[[#This Row],[Rating]]=3,Table1[[#This Row],[Rating]]=4),"Good","Needs Improvement")) -> Good | M8: =IF(OR(Table1[[#This Row],[Status]],Table1[[#This Row],[Rating]]>=4),"Yes","No") -> No | N8: =IFERROR(Table1[[#This Row],[MonthlySales]]/Table1[[#This Row],[Target]],0) -> 0.56737589 | O8: =LEFT(Table1[[#This Row],[EmpID]],3) -> DEL | P8: =RIGHT(Table1[[#This Row],[EmpID]],3) -> 102 | Q8: =PROPER(Table1[[#This Row],[Name]]) -> Anjali George | R8: =YEAR(Table1[[#This Row],[JoinDate]]) -> 2024 | S8: =VLOOKUP(Table1[[#This Row],[Department]],'Department Info'!$A$1:$D$6,3,FALSE) -> 3rd Floor | T8: =HLOOKUP(Table1[[#This Row],[City]],'City Info'!$A$1:$F$3,2,FALSE) -> North
A9: CHN-SUP-1117 | B9: raj Das | C9: Support | D9: Chennai | E9: 45141 | F9: 35000 | G9: 65900 | H9: 4 | I9: Chennai | J9: Support | K9: =IF(Table1[[#This Row],[MonthlySales]]>=Table1[[#This Row],[Target]],"Achieved","Not Achieved") -> Not Achieved | L9: =IF(Table1[[#This Row],[Rating]]=5,"Excellent",IF(OR(Table1[[#This Row],[Rating]]=3,Table1[[#This Row],[Rating]]=4),"Good","Needs Improvement")) -> Good | M9: =IF(OR(Table1[[#This Row],[Status]],Table1[[#This Row],[Rating]]>=4),"Yes","No") -> Yes | N9: =IFERROR(Table1[[#This Row],[MonthlySales]]/Table1[[#This Row],[Target]],0) -> 0.53110774 | O9: =LEFT(Table1[[#This Row],[EmpID]],3) -> CHN | P9: =RIGHT(Table1[[#This Row],[EmpID]],3) -> 117 | Q9: =PROPER(Table1[[#This Row],[Name]]) -> Raj Das | R9: =YEAR(Table1[[#This Row],[JoinDate]]) -> 2023 | S9: =VLOOKUP(Table1[[#This Row],[Department]],'Department Info'!$A$1:$D$6,3,FALSE) -> 1st Floor | T9: =HLOOKUP(Table1[[#This Row],[City]],'City Info'!$A$1:$F$3,2,FALSE) -> South
A10: KOC-MKT-1124 | B10: nisha Bose | C10: Marketing | D10: Kochi | E10: 45178 | F10: 90300 | G10: 62500 | H10: 3 | I10: Kochi | J10: Marketing | K10: =IF(Table1[[#This Row],[MonthlySales]]>=Table1[[#This Row],[Target]],"Achieved","Not Achieved") -> Achieved | L10: =IF(Table1[[#This Row],[Rating]]=5,"Excellent",IF(OR(Table1[[#This Row],[Rating]]=3,Table1[[#This Row],[Rating]]=4),"Good","Needs Improvement")) -> Good | M10: =IF(OR(Table1[[#This Row],[Status]],Table1[[#This Row],[Rating]]>=4),"Yes","No") -> No | N10: =IFERROR(Table1[[#This Row],[MonthlySales]]/Table1[[#This Row],[Target]],0) -> 1.4448 | O10: =LEFT(Table1[[#This Row],[EmpID]],3) -> KOC | P10: =RIGHT(Table1[[#This Row],[EmpID]],3) -> 124 | Q10: =PROPER(Table1[[#This Row],[Name]]) -> Nisha Bose | R10: =YEAR(Table1[[#This Row],[JoinDate]]) -> 2023 | S10: =VLOOKUP(Table1[[#This Row],[Department]],'Department Info'!$A$1:$D$6,3,FALSE) -> 3rd Floor | T10: =HLOOKUP(Table1[[#This Row],[City]],'City Info'!$A$1:$F$3,2,FALSE) -> South
A11: DEL-SUP-1131 | B11: Vishnu Rao | C11: Support | D11: Delhi | E11: 43895 | F11: 41700 | G11: 43800 | H11: 1 | I11: Delhi | J11: Support | K11: =IF(Table1[[#This Row],[MonthlySales]]>=Table1[[#This Row],[Target]],"Achieved","Not Achieved") -> Not Achieved | L11: =IF(Table1[[#This Row],[Rating]]=5,"Excellent",IF(OR(Table1[[#This Row],[Rating]]=3,Table1[[#This Row],[Rating]]=4),"Good","Needs Improvement")) -> Needs Improvement | M11: =IF(OR(Table1[[#This Row],[Status]],Table1[[#This Row],[Rating]]>=4),"Yes","No") -> No | N11: =IFERROR(Table1[[#This Row],[MonthlySales]]/Table1[[#This Row],[Target]],0) -> 0.95205479 | O11: =LEFT(Table1[[#This Row],[EmpID]],3) -> DEL | P11: =RIGHT(Table1[[#This Row],[EmpID]],3) -> 131 | Q11: =PROPER(Table1[[#This Row],[Name]]) -> Vishnu Rao | R11: =YEAR(Table1[[#This Row],[JoinDate]]) -> 2020 | S11: =VLOOKUP(Table1[[#This Row],[Department]],'Department Info'!$A$1:$D$6,3,FALSE) -> 1st Floor | T11: =HLOOKUP(Table1[[#This Row],[City]],'City Info'!$A$1:$F$3,2,FALSE) -> North
A12: DEL-ITD-1139 | B12: sara Bhat | C12: IT | D12: Delhi | E12: 44682 | F12: 32900 | G12: 62900 | H12: 5 | I12: Delhi | J12: IT | K12: =IF(Table1[[#This Row],[MonthlySales]]>=Table1[[#This Row],[Target]],"Achieved","Not Achieved") -> Not Achieved | L12: =IF(Table1[[#This Row],[Rating]]=5,"Excellent",IF(OR(Table1[[#This Row],[Rating]]=3,Table1[[#This Row],[Rating]]=4),"Good","Needs Improvement")) -> Excellent | M12: =IF(OR(Table1[[#This Row],[Status]],Table1[[#This Row],[Rating]]>=4),"Yes","No") -> Yes | N12: =IFERROR(Table1[[#This Row],[MonthlySales]]/Table1[[#This Row],[Target]],0) -> 0.52305246 | O12: =LEFT(Table1[[#This Row],[EmpID]],3) -> DEL | P12: =RIGHT(Table1[[#This Row],[EmpID]],3) -> 139 | Q12: =PROPER(Table1[[#This Row],[Name]]) -> Sara Bhat | R12: =YEAR(Table1[[#This Row],[JoinDate]]) -> 2022 | S12: =VLOOKUP(Table1[[#This Row],[Department]],'Department Info'!$A$1:$D$6,3,FALSE) -> 4th Floor | T12: =HLOOKUP(Table1[[#This Row],[City]],'City Info'!$A$1:$F$3,2,FALSE) -> North
A13: MUM-ITD-1152 | B13: MANOJ Kurian | C13: IT | D13: Mumbai | E13: 44558 | F13: 70700 | G13: 25500 | H13: 4 | I13: Mumbai | J13: IT | K13: =IF(Table1[[#This Row],[MonthlySales]]>=Table1[[#This Row],[Target]],"Achieved","Not Achieved") -> Achieved | L13: =IF(Table1[[#This Row],[Rating]]=5,"Excellent",IF(OR(Table1[[#This Row],[Rating]]=3,Table1[[#This Row],[Rating]]=4),"Good","Needs Improvement")) -> Good | M13: =IF(OR(Table1[[#This Row],[Status]],Table1[[#This Row],[Rating]]>=4),"Yes","No") -> Yes | N13: =IFERROR(Table1[[#This Row],[MonthlySales]]/Table1[[#This Row],[Target]],0) -> 2.772549 | O13: =LEFT(Table1[[#This Row],[EmpID]],3) -> MUM | P13: =RIGHT(Table1[[#This Row],[EmpID]],3) -> 152 | Q13: =PROPER(Table1[[#This Row],[Name]]) -> Manoj Kurian | R13: =YEAR(Table1[[#This Row],[JoinDate]]) -> 2021 | S13: =VLOOKUP(Table1[[#This Row],[Department]],'Department Info'!$A$1:$D$6,3,FALSE) -> 4th Floor | T13: =HLOOKUP(Table1[[#This Row],[City]],'City Info'!$A$1:$F$3,2,FALSE) -> West
A14: KOC-HRD-1167 | B14: JITHIN Nambiar | C14: HR | D14: Kochi | E14: 45111 | F14: 67300 | G14: 61000 | H14: 1 | I14: Kochi | J14: HR | K14: =IF(Table1[[#This Row],[MonthlySales]]>=Table1[[#This Row],[Target]],"Achieved","Not Achieved") -> Achieved | L14: =IF(Table1[[#This Row],[Rating]]=5,"Excellent",IF(OR(Table1[[#This Row],[Rating]]=3,Table1[[#This Row],[Rating]]=4),"Good","Needs Improvement")) -> Needs Improvement | M14: =IF(OR(Table1[[#This Row],[Status]],Table1[[#This Row],[Rating]]>=4),"Yes","No") -> No | N14: =IFERROR(Table1[[#This Row],[MonthlySales]]/Table1[[#This Row],[Target]],0) -> 1.1032787 | O14: =LEFT(Table1[[#This Row],[EmpID]],3) -> KOC | P14: =RIGHT(Table1[[#This Row],[EmpID]],3) -> 167 | Q14: =PROPER(Table1[[#This Row],[Name]]) -> Jithin Nambiar | R14: =YEAR(Table1[[#This Row],[JoinDate]]) -> 2023 | S14: =VLOOKUP(Table1[[#This Row],[Department]],'Department Info'!$A$1:$D$6,3,FALSE) -> 1st Floor | T14: =HLOOKUP(Table1[[#This Row],[City]],'City Info'!$A$1:$F$3,2,FALSE) -> South
A15: CHN-SAL-1176 | B15: Sandeep Mathew | C15: Sales | D15: Chennai | E15: 44989 | F15: 52800 | G15: 25300 | H15: 1 | I15: Chennai | J15: Sales | K15: =IF(Table1[[#This Row],[MonthlySales]]>=Table1[[#This Row],[Target]],"Achieved","Not Achieved") -> Achieved | L15: =IF(Table1[[#This Row],[Rating]]=5,"Excellent",IF(OR(Table1[[#This Row],[Rating]]=3,Table1[[#This Row],[Rating]]=4),"Good","Needs Improvement")) -> Needs Improvement | M15: =IF(OR(Table1[[#This Row],[Status]],Table1[[#This Row],[Rating]]>=4),"Yes","No") -> No | N15: =IFERROR(Table1[[#This Row],[MonthlySales]]/Table1[[#This Row],[Target]],0) -> 2.0869565 | O15: =LEFT(Table1[[#This Row],[EmpID]],3) -> CHN | P15: =RIGHT(Table1[[#This Row],[EmpID]],3) -> 176 | Q15: =PROPER(Table1[[#This Row],[Name]]) -> Sandeep Mathew | R15: =YEAR(Table1[[#This Row],[JoinDate]]) -> 2023 | S15: =VLOOKUP(Table1[[#This Row],[Department]],'Department Info'!$A$1:$D$6,3,FALSE) -> 2nd Floor | T15: =HLOOKUP(Table1[[#This Row],[City]],'City Info'!$A$1:$F$3,2,FALSE) -> South
A16: BLR-ITD-1183 | B16: reema Achari | C16: IT | D16: Bangalore | E16: 45334 | F16: 80800 | G16: 22600 | H16: 1 | I16: Bangalore | J16: IT | K16: =IF(Table1[[#This Row],[MonthlySales]]>=Table1[[#This Row],[Target]],"Achieved","Not Achieved") -> Achieved | L16: =IF(Table1[[#This Row],[Rating]]=5,"Excellent",IF(OR(Table1[[#This Row],[Rating]]=3,Table1[[#This Row],[Rating]]=4),"Good","Needs Improvement")) -> Needs Improvement | M16: =IF(OR(Table1[[#This Row],[Status]],Table1[[#This Row],[Rating]]>=4),"Yes","No") -> No | N16: =IFERROR(Table1[[#This Row],[MonthlySales]]/Table1[[#This Row],[Target]],0) -> 3.5752212 | O16: =LEFT(Table1[[#This Row],[EmpID]],3) -> BLR | P16: =RIGHT(Table1[[#This Row],[EmpID]],3) -> 183 | Q16: =PROPER(Table1[[#This Row],[Name]]) -> Reema Achari | R16: =YEAR(Table1[[#This Row],[JoinDate]]) -> 2024 | S16: =VLOOKUP(Table1[[#This Row],[Department]],'Department Info'!$A$1:$D$6,3,FALSE) -> 4th Floor | T16: =HLOOKUP(Table1[[#This Row],[City]],'City Info'!$A$1:$F$3,2,FALSE) -> South
A17: CHN-ITD-1198 | B17: Arun Pillai | C17: IT | D17: Chennai | E17: 44509 | F17: 53500 | G17: 57200 | H17: 4 | I17: Chennai | J17: IT | K17: =IF(Table1[[#This Row],[MonthlySales]]>=Table1[[#This Row],[Target]],"Achieved","Not Achieved") -> Not Achieved | L17: =IF(Table1[[#This Row],[Rating]]=5,"Excellent",IF(OR(Table1[[#This Row],[Rating]]=3,Table1[[#This Row],[Rating]]=4),"Good","Needs Improvement")) -> Good | M17: =IF(OR(Table1[[#This Row],[Status]],Table1[[#This Row],[Rating]]>=4),"Yes","No") -> Yes | N17: =IFERROR(Table1[[#This Row],[MonthlySales]]/Table1[[#This Row],[Target]],0) -> 0.93531469 | O17: =LEFT(Table1[[#This Row],[EmpID]],3) -> CHN | P17: =RIGHT(Table1[[#This Row],[EmpID]],3) -> 198 | Q17: =PROPER(Table1[[#This Row],[Name]]) -> Arun Pillai | R17: =YEAR(Table1[[#This Row],[JoinDate]]) -> 2021 | S17: =VLOOKUP(Table1[[#This Row],[Department]],'Department Info'!$A$1:$D$6,3,FALSE) -> 4th Floor | T17: =HLOOKUP(Table1[[#This Row],[City]],'City Info'!$A$1:$F$3,2,FALSE) -> South
... A31: CHN-MKT-1362 | B31: rahul Pillai | C31: Marketing | D31: Chennai | E31: 44480 | F31: 44500 | G31: 75700 | H31: 4 | I31: Chennai | J31: Marketing | K31: =IF(Table1[[#This Row],[MonthlySales]]>=Table1[[#This Row],[Target]],"Achieved","Not Achieved") -> Not Achieved | L31: =IF(Table1[[#This Row],[Rating]]=5,"Excellent",IF(OR(Table1[[#This Row],[Rating]]=3,Table1[[#This Row],[Rating]]=4),"Good","Needs Improvement")) -> Good | M31: =IF(OR(Table1[[#This Row],[Status]],Table1[[#This Row],[Rating]]>=4),"Yes","No") -> Yes | N31: =IFERROR(Table1[[#This Row],[MonthlySales]]/Table1[[#This Row],[Target]],0) -> 0.58784676 | O31: =LEFT(Table1[[#This Row],[EmpID]],3) -> CHN | P31: =RIGHT(Table1[[#This Row],[EmpID]],3) -> 362 | Q31: =PROPER(Table1[[#This Row],[Name]]) -> Rahul Pillai | R31: =YEAR(Table1[[#This Row],[JoinDate]]) -> 2021 | S31: =VLOOKUP(Table1[[#This Row],[Department]],'Department Info'!$A$1:$D$6,3,FALSE) -> 3rd Floor | T31: =HLOOKUP(Table1[[#This Row],[City]],'City Info'!$A$1:$F$3,2,FALSE) -> South
O32: =LEFT(Table1[[#This Row],[EmpID]],3) | P32: =RIGHT(Table1[[#This Row],[EmpID]],3) | Q32: =PROPER(Table1[[#This Row],[Name]])

Sheet Tasks
A1: Excel Practice Assignment
A2: Work inside the Data sheet unless a task tells you otherwise. Department Info and City Info are separate reference sheets you'll need for the lookup tasks.
B4: New columns — add these to the Data sheet, right after Location_Dept, and fill every row:
A5: 1 | B5: Add a column 'Status' that shows whether each employee met their target: display 'Achieved' if their sales are equal to or greater than target, otherwise 'Not Achieved'.
A6: 2 | B6: Add a column 'Grade' that shows 'Excellent' if rating is 5, 'Good' if rating is 3 or 4, and 'Needs Improvement' otherwise.
A7: 3 | B7: Add a column 'Top Performer' that shows 'Yes' only for employees who both achieved their target and have a rating of 4 or above; everyone else should show 'No'.
A8: 4 | B8: Add a column 'Achievement %' showing sales as a percentage of target. Make sure the formula still shows a result instead of an error for any row where target might be zero.
A9: 5 | B9: Add a column 'City Code' that pulls out just the 3-letter city code from the front of each EmpID.
A10: 6 | B10: Add a column 'Serial No' that pulls out the number at the end of each EmpID.
A11: 7 | B11: Add a column 'Formal Name' that converts each Name to proper case (first letter of each word capitalised), suitable for an official report.
A12: 8 | B12: Add a column 'Join Year' that pulls out just the year from each employee's JoinDate.
B13: Cross-sheet lookups — add these two columns to the Data sheet as well:
A14: 9 | B14: Add a column 'Floor' that automatically fetches each employee's floor number by matching their Department against the table in the Department Info sheet.
A15: 10 | B15: Add a column 'Region' that automatically fetches each employee's region by matching their City against the table in the City Info sheet. Notice that this table is laid out sideways rather than in columns.
B16: Summary — answer these below the table, in the Data sheet (leave the formula in the cell, not just the number):
A17: 11 | B17: In a cell of your choice, calculate the total MonthlySales across all employees.
A18: 12 | B18: Find the average Rating of employees working in the Sales department only.
A19: 13 | B19: Find the highest MonthlySales among employees who joined in 2023 or later.
A20: 14 | B20: Count how many employees are based in Bangalore or Chennai AND have a rating of 4 or higher.
B21: Formatting & data tools — apply directly on the Data sheet:
A22: 15 | B22: Highlight, in a colour of your choice, every row where Status is 'Not Achieved'.
A23: 16 | B23: Restrict the Department column to only accept the five valid department names, so a typo can't be entered.
A24: 17 | B24: Convert the main data range into a proper Excel Table so it can be filtered and totalled easily.
A25: 18 | B25: Split the Location_Dept column into two separate columns — City and Department — using the built-in tool for splitting text by a delimiter.
A26: 19 | B26: Freeze the header row so it stays visible while you scroll through the table.

Sheet Department Info
A1: Department | B1: Head of Department | C1: Floor | D1: Annual Budget (Lakhs)
A2: Sales | B2: Ramesh Iyer | C2: 2nd Floor | D2: 85
A3: Support | B3: Anita Menon | C3: 1st Floor | D3: 40
A4: Marketing | B4: Sunil Varma | C4: 3rd Floor | D4: 60
A5: HR | B5: Geetha Pillai | C5: 1st Floor | D5: 25
A6: IT | B6: Vinod Rao | C6: 4th Floor | D6: 95

Sheet City Info
A1: City | B1: Bangalore | C1: Chennai | D1: Mumbai | E1: Delhi | F1: Kochi
A2: Region | B2: South | C2: South | D2: West | E2: North | F2: South
A3: Regional Manager | B3: Sameer Nair | C3: Divya Rao | D3: Karan Shah | E3: Neha Gupta | F3: Thomas John
