Workbook

Sheet TASK
A1: Q1. Rank the top customers by net returns this year, in INR.

Sheet Sales
A1: TransactionID | B1: CustomerName | C1: Date | D1: Region | E1: SaleAmount
A2: TXN1001 | B2: Rohan Gupta | C2: 2025-02-27 | D2: North | E2: 11252.48
A3: TXN1002 | B3: Sneha Iyer | C3: 2025-04-25 | D3: South | E3: 11178.83
A4: TXN1003 | B4: Rohan Gupta | C4: 2025-10-07 | D4: North | E4: 9062.14
A5: TXN1004 | B5: Rahul Mehta | C5: 2025-01-16 | D5: South | E5: 3873.58
A6: TXN1005 | B6: Ananya Rao | C6: 2025-01-14 | D6: South | E6: 10882.28
A7: TXN1006 | B7: ishita bose | C7: 2025-10-07 | D7: South | E7: 7013.53
A8: TXN1007 | B8: Karan Malhotra | C8: 2025-01-04 | D8: South | E8: 10623.02
A9: TXN1008 | B9: Divya Nair | C9: 2025-05-23 | D9: South | E9: 3622.05
A10: TXN1009 | B10: Manish Chawla | C10: 2025-06-22 | D10: North | E10: 1844.81
A11: TXN1010 | B11: priya sharma | C11: 2025-07-03 | D11: East | E11: 12203.36
A12: TXN1011 | B12: Ishita Bose | C12: 2025-08-24 | D12: West | E12: 1642.6
A13: TXN1012 | B13: Karan Malhotra | C13: 2025-07-05 | D13: South | E13: 10716.29
... A151: TXN1150 | B151: Rahul Mehta | C151: 2025-06-09 | D151: West | E151: 14151.32

Sheet Returns
A1: ReturnID | B1: TransactionID | C1: ReturnDate | D1: ReturnAmount | E1: Currency | F1: currency in INR | G1: Customer | H1: Cleaned names | K1: Customers | L1: Customers new | M1: Column1 | P1: Rank | Q1: Customers new | R1: Column1
A2: RET5001 | B2: TXN1051 | C2: 2025-02-14 | D2: 85.34 | E2: USD | F2: =IF(Table2[[#This Row],[Currency]]="INR",Table2[[#This Row],[ReturnAmount]],Table2[[#This Row],[ReturnAmount]]*FXRates!$B$3) -> 7100.288 | G2: =_xlfn.XLOOKUP(Table2[[#This Row],[TransactionID]],Table1[TransactionID],Table1[CustomerName],"NOT FOUND") -> Neha Kapoor | H2: =TRIM(PROPER(Table2[[#This Row],[Customer]])) -> Neha Kapoor | K2: {=_xlfn.UNIQUE(Table2[Cleaned names])} -> Neha Kapoor | L2: Sneha Iyer | M2: =SUMIF(Table2[Cleaned names],L2,Table2[currency in INR]) -> 23332.78 | P2: 1 | Q2: Sneha Iyer | R2: =SUMIF(Table2[Cleaned names],Q2,Table2[currency in INR]) -> 23332.78
A3: RET5002 | B3: TXN1020 | C3: 2025-07-01 | D3: 6693.01 | E3: INR | F3: =IF(Table2[[#This Row],[Currency]]="INR",Table2[[#This Row],[ReturnAmount]],Table2[[#This Row],[ReturnAmount]]*FXRates!$B$3) -> 6693.01 | G3: =_xlfn.XLOOKUP(Table2[[#This Row],[TransactionID]],Table1[TransactionID],Table1[CustomerName],"NOT FOUND") -> Manish Chawla | H3: =TRIM(PROPER(Table2[[#This Row],[Customer]])) -> Manish Chawla | K3: Manish Chawla | L3: Neha Kapoor | M3: =SUMIF(Table2[Cleaned names],L3,Table2[currency in INR]) -> 20062.538 | P3: 2 | Q3: Neha Kapoor | R3: =SUMIF(Table2[Cleaned names],Q3,Table2[currency in INR]) -> 20062.538
A4: RET5003 | B4: TXN1063 | C4: 2025-02-15 | D4: 6887.85 | E4: INR | F4: =IF(Table2[[#This Row],[Currency]]="INR",Table2[[#This Row],[ReturnAmount]],Table2[[#This Row],[ReturnAmount]]*FXRates!$B$3) -> 6887.85 | G4: =_xlfn.XLOOKUP(Table2[[#This Row],[TransactionID]],Table1[TransactionID],Table1[CustomerName],"NOT FOUND") -> Vikram Singh | H4: =TRIM(PROPER(Table2[[#This Row],[Customer]])) -> Vikram Singh | K4: Vikram Singh | L4: Arjun Reddy | M4: =SUMIF(Table2[Cleaned names],L4,Table2[currency in INR]) -> 17106.3 | P4: 3 | Q4: Arjun Reddy | R4: =SUMIF(Table2[Cleaned names],Q4,Table2[currency in INR]) -> 17106.3
A5: RET5004 | B5: TXN1027 | C5: 2025-02-18 | D5: 3881.02 | E5: INR | F5: =IF(Table2[[#This Row],[Currency]]="INR",Table2[[#This Row],[ReturnAmount]],Table2[[#This Row],[ReturnAmount]]*FXRates!$B$3) -> 3881.02 | G5: =_xlfn.XLOOKUP(Table2[[#This Row],[TransactionID]],Table1[TransactionID],Table1[CustomerName],"NOT FOUND") -> Arjun Reddy | H5: =TRIM(PROPER(Table2[[#This Row],[Customer]])) -> Arjun Reddy | K5: Arjun Reddy | L5: Manish Chawla | M5: =SUMIF(Table2[Cleaned names],L5,Table2[currency in INR]) -> 16536.06 | P5: 4 | Q5: Manish Chawla | R5: =SUMIF(Table2[Cleaned names],Q5,Table2[currency in INR]) -> 16536.06
A6: RET5005 | B6: TXN1078 | C6: 2025-07-07 | D6: 5511.41 | E6: INR | F6: =IF(Table2[[#This Row],[Currency]]="INR",Table2[[#This Row],[ReturnAmount]],Table2[[#This Row],[ReturnAmount]]*FXRates!$B$3) -> 5511.41 | G6: =_xlfn.XLOOKUP(Table2[[#This Row],[TransactionID]],Table1[TransactionID],Table1[CustomerName],"NOT FOUND") -> Sneha Iyer | H6: =TRIM(PROPER(Table2[[#This Row],[Customer]])) -> Sneha Iyer | K6: Sneha Iyer | L6: Pooja Desai | M6: =SUMIF(Table2[Cleaned names],L6,Table2[currency in INR]) -> 15645.96 | P6: 5 | Q6: Pooja Desai | R6: =SUMIF(Table2[Cleaned names],Q6,Table2[currency in INR]) -> 15645.96
A7: RET5006 | B7: TXN1031 | C7: 2025-03-29 | D7: 6882.15 | E7: INR | F7: =IF(Table2[[#This Row],[Currency]]="INR",Table2[[#This Row],[ReturnAmount]],Table2[[#This Row],[ReturnAmount]]*FXRates!$B$3) -> 6882.15 | G7: =_xlfn.XLOOKUP(Table2[[#This Row],[TransactionID]],Table1[TransactionID],Table1[CustomerName],"NOT FOUND") -> Arjun Reddy | H7: =TRIM(PROPER(Table2[[#This Row],[Customer]])) -> Arjun Reddy | K7: Ishita Bose | L7: Rohan Gupta | M7: =SUMIF(Table2[Cleaned names],L7,Table2[currency in INR]) -> 12359.84 | P7: 6 | Q7: Rohan Gupta | R7: =SUMIF(Table2[Cleaned names],Q7,Table2[currency in INR]) -> 12359.84
A8: RET5007 | B8: TXN1011 | C8: 2025-09-03 | D8: 3161.19 | E8: INR | F8: =IF(Table2[[#This Row],[Currency]]="INR",Table2[[#This Row],[ReturnAmount]],Table2[[#This Row],[ReturnAmount]]*FXRates!$B$3) -> 3161.19 | G8: =_xlfn.XLOOKUP(Table2[[#This Row],[TransactionID]],Table1[TransactionID],Table1[CustomerName],"NOT FOUND") -> Ishita Bose | H8: =TRIM(PROPER(Table2[[#This Row],[Customer]])) -> Ishita Bose | K8: Siddharth Jain | L8: Vikram Singh | M8: =SUMIF(H:H,L8,Table2[currency in INR]) -> 6959.2 | P8: 7 | Q8: Vikram Singh | R8: =SUMIF(L:L,Q8,Table2[currency in INR]) -> 7102.4
A9: RET5008 | B9: TXN1089 | C9: 2025-04-04 | D9: 7102.4 | E9: INR | F9: =IF(Table2[[#This Row],[Currency]]="INR",Table2[[#This Row],[ReturnAmount]],Table2[[#This Row],[ReturnAmount]]*FXRates!$B$3) -> 7102.4 | G9: =_xlfn.XLOOKUP(Table2[[#This Row],[TransactionID]],Table1[TransactionID],Table1[CustomerName],"NOT FOUND") -> Sneha Iyer | H9: =TRIM(PROPER(Table2[[#This Row],[Customer]])) -> Sneha Iyer | K9: Rahul Mehta | L9: Priya Sharma | M9: =SUMIF(Table2[Cleaned names],L9,Table2[currency in INR]) -> 6002.16 | P9: 8 | Q9: Priya Sharma | R9: =SUMIF(Table2[Cleaned names],Q9,Table2[currency in INR]) -> 6002.16
A10: RET5009 | B10: TXN1137 | C10: 2025-03-15 | D10: 4374.7 | E10: INR | F10: =IF(Table2[[#This Row],[Currency]]="INR",Table2[[#This Row],[ReturnAmount]],Table2[[#This Row],[ReturnAmount]]*FXRates!$B$3) -> 4374.7 | G10: =_xlfn.XLOOKUP(Table2[[#This Row],[TransactionID]],Table1[TransactionID],Table1[CustomerName],"NOT FOUND") -> Siddharth Jain | H10: =TRIM(PROPER(Table2[[#This Row],[Customer]])) -> Siddharth Jain | K10: Pooja Desai | L10: Siddharth Jain | M10: =SUMIF(Table2[Cleaned names],L10,Table2[currency in INR]) -> 4374.7 | P10: 9 | Q10: Siddharth Jain | R10: =SUMIF(Table2[Cleaned names],Q10,Table2[currency in INR]) -> 4374.7
A11: RET5010 | B11: TXN1110 | C11: 2025-05-07 | D11: 5900.56 | E11: INR | F11: =IF(Table2[[#This Row],[Currency]]="INR",Table2[[#This Row],[ReturnAmount]],Table2[[#This Row],[ReturnAmount]]*FXRates!$B$3) -> 5900.56 | G11: =_xlfn.XLOOKUP(Table2[[#This Row],[TransactionID]],Table1[TransactionID],Table1[CustomerName],"NOT FOUND") -> Neha Kapoor | H11: =TRIM(PROPER(Table2[[#This Row],[Customer]])) -> Neha Kapoor | K11: Priya Sharma | L11: Ishita Bose | M11: =SUMIF(Table2[Cleaned names],L11,Table2[currency in INR]) -> 3161.19 | P11: 10 | Q11: Ishita Bose | R11: =SUMIF(Table2[Cleaned names],Q11,Table2[currency in INR]) -> 3161.19
A12: RET5011 | B12: TXN1095 | C12: 2025-08-10 | D12: 2302.43 | E12: INR | F12: =IF(Table2[[#This Row],[Currency]]="INR",Table2[[#This Row],[ReturnAmount]],Table2[[#This Row],[ReturnAmount]]*FXRates!$B$3) -> 2302.43 | G12: =_xlfn.XLOOKUP(Table2[[#This Row],[TransactionID]],Table1[TransactionID],Table1[CustomerName],"NOT FOUND") -> Sneha Iyer | H12: =TRIM(PROPER(Table2[[#This Row],[Customer]])) -> Sneha Iyer | K12: Rohan Gupta | L12: Rahul Mehta | M12: =SUMIF(Table2[Cleaned names],L12,Table2[currency in INR]) -> 3078.18 | P12: 11 | Q12: Rahul Mehta | R12: =SUMIF(Table2[Cleaned names],Q12,Table2[currency in INR]) -> 3078.18
A13: RET5012 | B13: TXN1018 | C13: 2025-05-21 | D13: 4181.16 | E13: INR | F13: =IF(Table2[[#This Row],[Currency]]="INR",Table2[[#This Row],[ReturnAmount]],Table2[[#This Row],[ReturnAmount]]*FXRates!$B$3) -> 4181.16 | G13: =_xlfn.XLOOKUP(Table2[[#This Row],[TransactionID]],Table1[TransactionID],Table1[CustomerName],"NOT FOUND") -> Arjun Reddy | H13: =TRIM(PROPER(Table2[[#This Row],[Customer]])) -> Arjun Reddy | K13: Amit Verma | L13: Not Found | M13: =SUMIF(Table2[Cleaned names],L13,Table2[currency in INR]) -> 1200 | P13: 12 | Q13: Not Found | R13: =SUMIF(Table2[Cleaned names],Q13,Table2[currency in INR]) -> 1200
A14: RET5013 | B14: TXN1130 | C14: 2025-02-10 | D14: 2161.97 | E14: INR | F14: =IF(Table2[[#This Row],[Currency]]="INR",Table2[[#This Row],[ReturnAmount]],Table2[[#This Row],[ReturnAmount]]*FXRates!$B$3) -> 2161.97 | G14: =_xlfn.XLOOKUP(Table2[[#This Row],[TransactionID]],Table1[TransactionID],Table1[CustomerName],"NOT FOUND") -> Arjun Reddy | H14: =TRIM(PROPER(Table2[[#This Row],[Customer]])) -> Arjun Reddy | K14: Not Found | L14: Amit Verma | M14: =SUMIF(Table2[Cleaned names],L14,Table2[currency in INR]) -> 908.95 | P14: 13 | Q14: Amit Verma | R14: =SUMIF(Table2[Cleaned names],Q14,Table2[currency in INR]) -> 908.95
A15: RET5014 | B15: TXN1088 | C15: 2025-08-14 | D15: 4861.67 | E15: INR | F15: =IF(Table2[[#This Row],[Currency]]="INR",Table2[[#This Row],[ReturnAmount]],Table2[[#This Row],[ReturnAmount]]*FXRates!$B$3) -> 4861.67 | G15: =_xlfn.XLOOKUP(Table2[[#This Row],[TransactionID]],Table1[TransactionID],Table1[CustomerName],"NOT FOUND") -> VIKRAM SINGH | H15: =TRIM(PROPER(Table2[[#This Row],[Customer]])) -> Vikram Singh
A16: RET5015 | B16: TXN1004 | C16: 2025-02-04 | D16: 3078.18 | E16: INR | F16: =IF(Table2[[#This Row],[Currency]]="INR",Table2[[#This Row],[ReturnAmount]],Table2[[#This Row],[ReturnAmount]]*FXRates!$B$3) -> 3078.18 | G16: =_xlfn.XLOOKUP(Table2[[#This Row],[TransactionID]],Table1[TransactionID],Table1[CustomerName],"NOT FOUND") -> Rahul Mehta | H16: =TRIM(PROPER(Table2[[#This Row],[Customer]])) -> Rahul Mehta
A17: RET5016 | B17: TXN1108 | C17: 2025-01-11 | D17: 5771.41 | E17: INR | F17: =IF(Table2[[#This Row],[Currency]]="INR",Table2[[#This Row],[ReturnAmount]],Table2[[#This Row],[ReturnAmount]]*FXRates!$B$3) -> 5771.41 | G17: =_xlfn.XLOOKUP(Table2[[#This Row],[TransactionID]],Table1[TransactionID],Table1[CustomerName],"NOT FOUND") -> Pooja Desai | H17: =TRIM(PROPER(Table2[[#This Row],[Customer]])) -> Pooja Desai
A18: RET5017 | B18: TXN1126 | C18: 2025-06-04 | D18: 2229.04 | E18: INR | F18: =IF(Table2[[#This Row],[Currency]]="INR",Table2[[#This Row],[ReturnAmount]],Table2[[#This Row],[ReturnAmount]]*FXRates!$B$3) -> 2229.04 | G18: =_xlfn.XLOOKUP(Table2[[#This Row],[TransactionID]],Table1[TransactionID],Table1[CustomerName],"NOT FOUND") -> Priya Sharma | H18: =TRIM(PROPER(Table2[[#This Row],[Customer]])) -> Priya Sharma
A19: RET5018 | B19: TXN1028 | C19: 2025-10-05 | D19: 6071.61 | E19: INR | F19: =IF(Table2[[#This Row],[Currency]]="INR",Table2[[#This Row],[ReturnAmount]],Table2[[#This Row],[ReturnAmount]]*FXRates!$B$3) -> 6071.61 | G19: =_xlfn.XLOOKUP(Table2[[#This Row],[TransactionID]],Table1[TransactionID],Table1[CustomerName],"NOT FOUND") -> Neha Kapoor | H19: =TRIM(PROPER(Table2[[#This Row],[Customer]])) -> Neha Kapoor
A20: RET5019 | B20: TXN1111 | C20: 2025-04-07 | D20: 6039.53 | E20: INR | F20: =IF(Table2[[#This Row],[Currency]]="INR",Table2[[#This Row],[ReturnAmount]],Table2[[#This Row],[ReturnAmount]]*FXRates!$B$3) -> 6039.53 | G20: =_xlfn.XLOOKUP(Table2[[#This Row],[TransactionID]],Table1[TransactionID],Table1[CustomerName],"NOT FOUND") -> Manish Chawla | H20: =TRIM(PROPER(Table2[[#This Row],[Customer]])) -> Manish Chawla
A21: RET5020 | B21: TXN1093 | C21: 2025-05-01 | D21: 7824.55 | E21: INR | F21: =IF(Table2[[#This Row],[Currency]]="INR",Table2[[#This Row],[ReturnAmount]],Table2[[#This Row],[ReturnAmount]]*FXRates!$B$3) -> 7824.55 | G21: =_xlfn.XLOOKUP(Table2[[#This Row],[TransactionID]],Table1[TransactionID],Table1[CustomerName],"NOT FOUND") -> Sneha Iyer | H21: =TRIM(PROPER(Table2[[#This Row],[Customer]])) -> Sneha Iyer
A22: RET5021 | B22: TXN1118 | C22: 2025-01-11 | D22: 7853.83 | E22: INR | F22: =IF(Table2[[#This Row],[Currency]]="INR",Table2[[#This Row],[ReturnAmount]],Table2[[#This Row],[ReturnAmount]]*FXRates!$B$3) -> 7853.83 | G22: =_xlfn.XLOOKUP(Table2[[#This Row],[TransactionID]],Table1[TransactionID],Table1[CustomerName],"NOT FOUND") -> Rohan Gupta | H22: =TRIM(PROPER(Table2[[#This Row],[Customer]])) -> Rohan Gupta
A23: RET5022 | B23: TXN1040 | C23: 2025-08-16 | D23: 3206.61 | E23: INR | F23: =IF(Table2[[#This Row],[Currency]]="INR",Table2[[#This Row],[ReturnAmount]],Table2[[#This Row],[ReturnAmount]]*FXRates!$B$3) -> 3206.61 | G23: =_xlfn.XLOOKUP(Table2[[#This Row],[TransactionID]],Table1[TransactionID],Table1[CustomerName],"NOT FOUND") -> Pooja Desai | H23: =TRIM(PROPER(Table2[[#This Row],[Customer]])) -> Pooja Desai
A24: RET5023 | B24: TXN1112 | C24: 2025-07-01 | D24: 4506.01 | E24: INR | F24: =IF(Table2[[#This Row],[Currency]]="INR",Table2[[#This Row],[ReturnAmount]],Table2[[#This Row],[ReturnAmount]]*FXRates!$B$3) -> 4506.01 | G24: =_xlfn.XLOOKUP(Table2[[#This Row],[TransactionID]],Table1[TransactionID],Table1[CustomerName],"NOT FOUND") -> Rohan Gupta | H24: =TRIM(PROPER(Table2[[#This Row],[Customer]])) -> Rohan Gupta
A25: RET5024 | B25: TXN1023 | C25: 2025-05-18 | D25: 908.95 | E25: INR | F25: =IF(Table2[[#This Row],[Currency]]="INR",Table2[[#This Row],[ReturnAmount]],Table2[[#This Row],[ReturnAmount]]*FXRates!$B$3) -> 908.95 | G25: =_xlfn.XLOOKUP(Table2[[#This Row],[TransactionID]],Table1[TransactionID],Table1[CustomerName],"NOT FOUND") -> Amit Verma | H25: =TRIM(PROPER(Table2[[#This Row],[Customer]])) -> Amit Verma
A26: RET5025 | B26: TXN1094 | C26: 2025-05-14 | D26: 1447.1 | E26: INR | F26: =IF(Table2[[#This Row],[Currency]]="INR",Table2[[#This Row],[ReturnAmount]],Table2[[#This Row],[ReturnAmount]]*FXRates!$B$3) -> 1447.1 | G26: =_xlfn.XLOOKUP(Table2[[#This Row],[TransactionID]],Table1[TransactionID],Table1[CustomerName],"NOT FOUND") -> Pooja Desai | H26: =TRIM(PROPER(Table2[[#This Row],[Customer]])) -> Pooja Desai
... A32: RET5999 | B32: TXN9999 | C32: 2025-08-01 | D32: 1200 | E32: INR | F32: =IF(Table2[[#This Row],[Currency]]="INR",Table2[[#This Row],[ReturnAmount]],Table2[[#This Row],[ReturnAmount]]*FXRates!$B$3) -> 1200 | G32: =_xlfn.XLOOKUP(Table2[[#This Row],[TransactionID]],Table1[TransactionID],Table1[CustomerName],"NOT FOUND") -> NOT FOUND | H32: =TRIM(PROPER(Table2[[#This Row],[Customer]])) -> Not Found

Sheet FXRates
A1: Currency | B1: RateToINR
A2: INR | B2: 1
A3: USD | B3: 83.2
